id,name,model_id:id,group_id:id,perm_read,perm_write,perm_create,perm_unlink
access_kra_employee,kra_employee,model_employee_performance_kra,group_performance_employee,1,0,0,0
access_kra_hr,kra_hr,model_employee_performance_kra,group_performance_hr,1,1,1,1
access_kpa_employee,kpa_employee,model_employee_performance_kpa,group_performance_employee,1,0,0,0
access_kpa_hr,kpa_hr,model_employee_performance_kpa,group_performance_hr,1,1,1,1
access_kpi_employee,kpi_employee,model_employee_performance_kpi,group_performance_employee,1,0,0,0
access_kpi_hr,kpi_hr,model_employee_performance_kpi,group_performance_hr,1,1,1,1
access_template_hr,template_hr,model_employee_performance_template,group_performance_hr,1,1,1,1
access_assignment_employee,assignment_employee,model_employee_performance_assignment,group_performance_employee,1,0,0,0
access_assignment_hr,assignment_hr,model_employee_performance_assignment,group_performance_hr,1,1,1,1
access_assignment_line_employee,assignment_line_employee,model_employee_performance_assignment_line,group_performance_employee,1,0,0,0
access_assignment_line_hr,assignment_line_hr,model_employee_performance_assignment_line,group_performance_hr,1,1,1,1
access_fixed_task_hr,fixed_task_hr,model_employee_performance_fixed_task_template,group_performance_hr,1,1,1,1
access_dsr_employee,dsr_employee,model_employee_performance_dsr,group_performance_employee,1,1,1,0
access_dsr_manager,dsr_manager,model_employee_performance_dsr,group_performance_manager,1,1,0,0
access_dsr_hr,dsr_hr,model_employee_performance_dsr,group_performance_hr,1,1,1,1
access_dsr_line_employee,dsr_line_employee,model_employee_performance_dsr_line,group_performance_employee,1,1,1,0
access_dsr_line_manager,dsr_line_manager,model_employee_performance_dsr_line,group_performance_manager,1,1,0,0
access_dsr_line_hr,dsr_line_hr,model_employee_performance_dsr_line,group_performance_hr,1,1,1,1
access_evaluation_employee,evaluation_employee,model_employee_performance_evaluation,group_performance_employee,1,0,0,0
access_evaluation_manager,evaluation_manager,model_employee_performance_evaluation,group_performance_manager,1,1,0,0
access_evaluation_hr,evaluation_hr,model_employee_performance_evaluation,group_performance_hr,1,1,1,1
access_evaluation_line_employee,evaluation_line_employee,model_employee_performance_evaluation_line,group_performance_employee,1,0,0,0
access_evaluation_line_manager,evaluation_line_manager,model_employee_performance_evaluation_line,group_performance_manager,1,1,0,0
access_evaluation_line_hr,evaluation_line_hr,model_employee_performance_evaluation_line,group_performance_hr,1,1,1,1
access_rating_scale_hr,rating_scale_hr,model_employee_performance_rating_scale,group_performance_hr,1,1,1,1
access_review_cycle_hr,review_cycle_hr,model_employee_performance_review_cycle,group_performance_hr,1,1,1,1
